categoria,porcentagem
Open Source,0.002320185614849188
Mobile,0.002320185614849188
